기준년월_x,발급회원번호,남녀구분코드,연령,VIP등급코드,최상위카드등급코드,회원여부_이용가능,회원여부_이용가능_CA,회원여부_이용가능_카드론,소지여부_신용,소지카드수_유효_신용,소지카드수_이용가능_신용,입회일자_신용,입회경과개월수_신용,회원여부_연체,이용거절여부_카드론,동의여부_한도증액안내,수신거부여부_TM,수신거부여부_DM,수신거부여부_메일,수신거부여부_SMS,가입통신회사코드,탈회횟수_누적,최종탈회후경과월,탈회횟수_발급6개월이내,탈회횟수_발급1년이내,거주시도명,직장시도명,마케팅동의여부,유효카드수_신용체크,유효카드수_신용,유효카드수_신용_가족,유효카드수_체크,유효카드수_체크_가족,이용가능카드수_신용체크,이용가능카드수_신용,이용가능카드수_신용_가족,이용가능카드수_체크,이용가능카드수_체크_가족,이용카드수_신용체크,이용카드수_신용,이용카드수_신용_가족,이용카드수_체크,이용카드수_체크_가족,이용금액_R3M_신용체크,이용금액_R3M_신용,이용금액_R3M_신용_가족,이용금액_R3M_체크,이용금액_R3M_체크_가족,_1순위카드이용금액,_1순위카드이용건수,_1순위신용체크구분,_2순위카드이용금액,_2순위카드이용건수,_2순위신용체크구분,최종유효년월_신용_이용가능,최종유효년월_신용_이용,최종카드발급일자,보유여부_해외겸용_본인,이용가능여부_해외겸용_본인,이용여부_3M_해외겸용_본인,보유여부_해외겸용_신용_본인,이용가능여부_해외겸용_신용_본인,이용여부_3M_해외겸용_신용_본인,연회비발생카드수_B0M,연회비할인카드수_B0M,기본연회비_B0M,제휴연회비_B0M,할인금액_기본연회비_B0M,할인금액_제휴연회비_B0M,청구금액_기본연회비_B0M,청구금액_제휴연회비_B0M,상품관련면제카드수_B0M,임직원면제카드수_B0M,우수회원면제카드수_B0M,기타면제카드수_B0M,카드신청건수,Life_Stage,최종카드발급경과월,기준년월_y,최초한도금액,카드이용한도금액,CA한도금액,일시상환론한도금액,월상환론한도금액,CA이자율_할인전,CL이자율_할인전,RV일시불이자율_할인전,RV현금서비스이자율_할인전,RV신청일자,RV약정청구율,RV최소결제비율,자발한도감액횟수_R12M,자발한도감액금액_R12M,자발한도감액후경과월,강제한도감액횟수_R12M,강제한도감액금액_R12M,강제한도감액후경과월,한도증액횟수_R12M,한도증액금액_R12M,한도증액후경과월,상향가능한도금액,상향가능CA한도금액,카드론동의여부,월상환론상향가능한도금액,RV전환가능여부,일시불ONLY전환가능여부,카드이용한도금액_B1M,카드이용한도금액_B2M,특별한도보유여부_R3M,연체감액여부_R3M,한도심사요청건수,한도요청거절건수,한도심사요청후경과월,한도심사거절후경과월,시장단기연체여부_R6M,시장단기연체여부_R3M,시장연체상환여부_R6M,시장연체상환여부_R3M,rv최초시작후경과일
201807,SYN_3,1,40대,_,_,1,1,1,1,2,2,20060301,149,0,0,0,1,1,0,0,SKT,0,0,0,0,충남,충남,1,2,2,0,0,0,2,2,0,0,0,2,2,0,0,0,35564,35564,0,0,0,11823,9,신용,107998,7,신용,201910.0,202001.0,20141231.0,1,1,1,1,1,1,0,0,0,0,0,0,0,0,0,0,0,0,0,4.자녀성장기(1),43,201807,999660,4132759,1453506,8999881,20604475,14.838636805014064,14.841953038552148,10.566343385610692,13.636244082581769,20120130.0,100.0,10.0,0,0,12,0,0,12,0,0,12,625,195,Y,0,Z,1,3588321,3731399,0,0,0,0,3,3,0,0,0,0,2376
201807,SYN_8,1,20대,07,_,1,1,1,1,3,2,20160601,26,0,0,0,0,0,0,0,SKT,0,0,0,0,충남,충남,1,4,4,1,0,0,4,4,1,0,0,3,3,1,0,0,7464463,7464463,943467,0,0,3397331,134,신용,2482931,96,신용,201909.0,201912.0,20141104.0,1,1,1,1,1,1,1,0,5001,0,0,0,5001,0,0,0,0,0,0,1.Single,44,201807,0,5055696,1695555,4799885,15834142,14.839150392222106,14.831898156567451,10.621891437871994,13.63749749398246,,0.0,10.0,0,0,12,0,0,12,1,189,3,608,204,Y,0,Z,1,5000506,5000628,0,0,0,0,3,3,0,0,0,0,99999999
201807,SYN_9,1,30대,06,_,1,1,0,1,2,2,20160801,24,0,0,1,0,0,0,0,LGT,0,0,0,0,경기,경기,1,3,3,0,0,0,3,3,0,0,0,2,2,0,0,0,422575,422575,0,0,0,260623,11,신용,251446,12,신용,202110.0,202110.0,20170512.0,1,1,1,1,1,1,0,0,0,0,0,0,0,0,0,0,0,0,0,3.자녀출산기,14,201807,0,3000284,1172249,0,0,16.92206962822827,15.592848516144452,13.177299819712651,16.23251342152386,,0.0,20.0,0,0,12,0,0,12,0,0,12,589,183,Y,0,N,0,2999997,3000390,0,0,0,0,3,3,0,0,0,0,99999999
201807,SYN_10,2,50대,_,_,1,1,0,1,1,1,20160101,31,0,0,0,0,0,0,0,LGT,0,0,0,0,대전,대전,1,3,2,0,1,0,3,2,0,1,0,2,2,0,0,0,663505,663505,0,0,0,276099,21,신용,594261,34,신용,202105.0,202101.0,20161130.0,1,1,0,0,0,0,0,0,0,0,0,0,0,0,0,0,0,0,0,6.자녀출가기,20,201807,0,5043161,2100727,0,0,16.896657425091362,15.638634699390863,13.167970699702876,16.227838896400755,,0.0,20.0,0,0,12,0,0,12,0,0,12,0,0,Y,0,N,0,6252009,5976657,0,0,0,0,3,3,0,0,0,0,99999999
201807,SYN_12,1,20대,_,_,1,1,0,1,1,1,20170201,18,0,1,0,0,0,0,0,SKT,0,0,0,0,충남,전북,1,2,2,0,0,0,2,2,0,0,0,0,0,0,0,0,0,0,0,0,0,0,-1,신용,0,0,신용,202111.0,,20161017.0,0,0,0,0,0,0,0,0,0,0,0,0,0,0,0,0,0,0,0,1.Single,21,201807,0,999825,443088,0,0,16.98549266381323,15.616684977504368,12.29859160874811,16.234931726030045,,0.0,20.0,0,0,12,0,0,12,0,0,12,404,139,N,1621,Z,1,999943,999861,0,0,0,0,3,3,0,0,0,0,99999999
201807,SYN_16,2,30대,_,_,1,1,0,1,2,2,20131101,57,0,1,0,1,1,1,1,SKT,1,44,0,0,서울,서울,0,2,2,0,0,0,2,2,0,0,0,2,2,0,0,0,1348898,1348898,0,0,0,1207992,17,신용,329920,14,신용,202301.0,202210.0,20180629.0,1,1,1,1,1,1,0,0,0,0,0,0,0,0,0,0,0,0,1,4.자녀성장기(1),1,201807,0,4398627,1063818,0,0,14.661100613804733,14.830871770434094,10.3060828541487,13.307596224585698,,0.0,10.0,0,0,12,0,0,12,0,0,12,590,185,N,1800,Z,1,3626507,1845284,0,0,0,0,3,3,0,0,0,0,99999999
201807,SYN_24,1,40대,_,1,1,1,1,1,1,1,20180601,2,0,0,0,0,0,0,0,SKT,2,43,0,0,경기,경기,1,2,2,0,0,0,2,2,0,0,0,0,0,0,0,0,0,0,0,0,0,0,0,신용,0,0,신용,202204.0,,20170604.0,0,0,0,0,0,0,0,0,0,0,0,0,0,0,0,0,0,0,0,4.자녀성장기(1),13,201807,0,4123234,1035157,0,15289440,14.64440017437951,14.83989984857338,10.346291120316923,13.317800904571046,,0.0,15.0,0,0,12,0,0,12,1,169,3,571,176,Y,0,Z,1,3570091,3734709,0,0,0,0,3,3,0,0,0,0,99999999
201807,SYN_26,1,70대이상,_,_,1,1,0,1,2,2,20161001,22,0,1,0,1,1,1,1,,0,0,0,0,경기,,0,3,2,0,1,0,3,2,0,1,0,1,1,0,0,0,-132188,-132188,0,0,0,67871,14,신용,0,0,신용,202202.0,202202.0,20170322.0,1,1,0,1,1,0,0,0,0,0,0,0,0,0,0,0,0,0,0,7.노령,16,201807,0,5034860,1823352,0,0,14.65726156203094,11.895846247727446,10.417918472154948,13.338761794753411,,0.0,10.0,0,0,12,0,0,12,0,0,12,608,205,N,1800,Z,1,6185600,5926547,0,0,0,0,3,3,0,0,0,0,99999999
201807,SYN_27,1,40대,_,_,1,1,1,1,2,2,20090301,113,0,0,0,0,0,0,0,SKT,0,0,0,0,경기,경기,1,2,2,0,0,0,2,2,0,0,0,1,1,0,0,0,669604,669604,0,0,0,960121,57,신용,0,0,신용,202301.0,202210.0,20180220.0,1,1,0,1,1,0,0,0,0,0,0,0,0,0,0,0,0,0,0,4.자녀성장기(1),5,201807,999876,3000223,1002170,4298781,5297580,14.6411652046694,14.820817942675047,10.25,13.276585595276938,,0.0,10.0,0,0,12,0,0,12,1,169,3,611,185,Y,0,Z,1,3000188,3000055,0,0,0,0,3,3,0,0,0,0,99999999
201807,SYN_40,1,20대,_,_,1,1,1,1,1,1,20150701,37,0,0,0,1,1,1,0,SKT,0,0,0,0,경기,경기,1,3,2,0,1,0,3,2,0,1,0,3,2,0,1,0,5506562,5380785,0,125777,0,2688498,198,신용,2446312,142,신용,202005.0,202007.0,20150805.0,1,1,1,0,0,0,0,0,0,0,0,0,0,0,0,0,0,0,0,2.가족형성기,35,201807,0,4019563,1302577,0,15640180,14.659997813829078,11.894974808795874,10.445694149476765,13.345725366568002,,0.0,10.0,0,0,12,0,0,12,0,0,12,498,155,Y,0,Z,1,3607591,3753980,0,0,0,0,3,3,0,0,0,0,99999999
201807,SYN_41,2,40대,06,_,1,1,0,1,3,3,20080501,123,1,0,0,1,1,1,1,LGT,0,0,0,0,인천,인천,0,7,4,0,3,0,6,3,0,3,0,4,3,0,1,0,5764674,5580333,0,184341,0,3737304,97,신용,1031384,35,신용,202302.0,202212.0,20171116.0,1,1,1,1,1,1,0,0,0,0,0,0,0,0,0,0,0,0,0,4.자녀성장기(1),8,201807,999768,5284822,1957015,0,0,16.91210250169261,17.67369192303633,13.547269675276436,16.215093632601604,,0.0,20.0,0,0,12,1,197,8,0,0,12,0,0,Y,0,Z,1,6487687,6200392,0,0,0,0,3,3,0,0,0,0,99999999
201807,SYN_42,2,40대,_,2,1,1,1,1,1,1,20170601,14,0,0,0,0,0,0,0,LGT,1,60,0,0,부산,부산,1,2,2,0,0,0,2,2,0,0,0,2,2,0,0,0,984957,984957,0,0,0,359261,2,신용,739784,36,신용,202106.0,202105.0,20160220.0,1,1,1,1,1,1,0,0,0,0,0,0,0,0,0,0,0,0,0,5.자녀성장기(2),29,201807,0,5478335,2323036,4800062,15619735,14.22001197969937,14.88399632663508,10.254485111633482,13.130121093157706,20160425.0,100.0,10.0,0,0,12,0,0,12,1,172,3,0,0,Y,0,Z,1,6644954,6528073,0,0,0,0,3,3,0,0,0,0,838
201807,SYN_43,1,40대,_,_,1,1,0,1,1,1,20170401,16,0,0,0,1,1,1,0,KTF,0,0,0,0,부산,부산,1,5,2,0,3,0,5,2,0,3,0,2,2,0,0,0,4378890,4378890,0,0,0,2842290,63,신용,1281762,46,신용,202302.0,202303.0,20170915.0,1,1,1,1,1,1,0,0,0,0,0,0,0,0,0,0,0,0,0,4.자녀성장기(1),10,201807,0,1903986,735867,0,0,19.918421412571107,18.126208933185705,14.990385381255226,21.266483385205472,,0.0,20.0,0,0,12,0,0,12,0,0,12,0,0,Y,0,Z,1,2091287,1959502,0,0,0,0,3,3,0,0,0,0,99999999
201807,SYN_47,1,30대,_,_,1,0,1,1,2,2,20120101,79,0,0,0,1,1,1,1,,0,0,0,0,광주,광주,0,2,2,0,0,0,2,2,0,0,0,2,2,0,0,0,1085206,1085206,0,0,0,881477,44,신용,0,0,신용,202108.0,202107.0,20161005.0,1,1,1,1,1,1,0,0,0,0,0,0,0,0,0,0,0,0,0,4.자녀성장기(1),21,201807,0,2001804,0,20000000,22727655,14.860529906407695,14.824157379441804,10.635456743858434,13.642541778176229,,0.0,10.0,0,0,12,0,0,12,1,156,3,579,199,Y,0,Z,1,2080751,1971075,0,0,0,0,3,3,0,0,0,0,99999999
201807,SYN_51,1,30대,_,_,1,1,1,1,1,1,20160501,27,0,0,0,1,1,1,1,,0,0,0,0,서울,서울,1,3,2,0,1,0,3,2,0,1,0,3,2,0,1,0,5155487,729304,0,4426183,0,408671,82,신용,416851,46,신용,202008.0,202010.0,20150810.0,1,1,1,1,1,1,0,0,0,0,0,0,0,0,0,0,0,0,0,2.가족형성기,35,201807,0,4914790,1712716,0,8829053,15.149319682825436,15.64273916776587,11.688815434853534,14.627527253088235,,0.0,15.0,0,0,12,0,0,12,0,0,12,0,0,Y,0,Z,1,4999607,4998711,0,0,0,0,3,3,0,0,0,0,99999999
201807,SYN_58,1,30대,_,_,1,1,1,1,1,1,20101001,94,0,0,1,1,0,0,0,SKT,0,0,0,0,서울,서울,1,4,2,0,2,0,4,2,0,2,0,1,1,0,0,0,147769,147769,0,0,0,105626,5,신용,0,0,신용,202107.0,202106.0,20160719.0,1,1,1,1,1,1,0,0,0,0,0,0,0,0,0,0,0,0,0,3.자녀출산기,24,201807,0,2038845,734473,4358357,15667802,14.6368259960195,14.839504124091231,10.25,13.282085585449806,,0.0,10.0,0,0,12,0,0,12,0,0,12,481,145,Y,0,Z,1,2075242,2007551,0,0,0,0,3,3,0,0,0,0,99999999
201807,SYN_60,2,20대,07,_,1,1,1,1,1,1,20161001,22,0,0,0,0,0,0,0,SKT,0,0,0,0,인천,서울,1,3,3,0,0,0,3,3,0,0,0,3,3,0,0,0,9389602,9389602,0,0,0,5716053,52,신용,2525116,69,신용,202205.0,202207.0,20170507.0,1,1,1,1,1,1,0,0,0,0,0,0,0,0,0,0,0,0,0,2.가족형성기,14,201807,0,5338047,2513097,4396972,15426469,14.8343395169561,14.823872117916396,10.708266128412657,13.641963952804574,,0.0,10.0,0,0,12,0,0,12,0,0,12,761,248,Y,0,Z,1,6521944,6205496,0,0,0,0,3,3,0,0,0,0,99999999
201807,SYN_61,1,70대이상,_,_,1,1,1,1,1,1,19960501,267,0,0,0,0,0,0,1,,0,0,0,0,경기,,1,2,2,0,0,0,2,2,0,0,0,2,2,0,0,0,2958958,2958958,0,0,0,1453827,7,신용,1227037,49,신용,202003.0,202004.0,20141203.0,1,1,1,1,1,1,0,0,0,0,0,0,0,0,0,0,0,0,0,7.노령,43,201807,4330291,19242319,4959904,4569685,5617443,14.220175065451302,10.897974748010297,10.25,13.1320117629422,,0.0,10.0,0,0,12,0,0,12,0,0,12,0,0,Y,0,Z,1,18620734,19116678,0,0,0,0,3,3,0,0,0,0,99999999
201807,SYN_67,1,40대,_,_,1,1,0,1,1,1,20170501,15,0,1,0,1,0,0,0,SKT,2,44,0,0,서울,서울,1,2,2,0,0,0,2,2,0,0,0,2,2,0,0,0,3297053,3297053,0,0,0,1761346,52,신용,1368880,50,신용,202101.0,202103.0,20160417.0,0,0,0,0,0,0,0,0,0,0,0,0,0,0,0,0,0,0,0,4.자녀성장기(1),27,201807,0,5070775,1675523,0,0,14.22,10.898023475538103,10.25,13.115962774204188,,0.0,10.0,0,0,12,0,0,12,1,168,3,827,254,N,1800,Z,1,5000352,5000916,0,0,0,0,3,3,0,0,0,0,99999999
201807,SYN_70,2,30대,06,_,1,1,0,1,3,3,20160201,30,0,0,1,0,0,0,0,SKT,1,96,0,0,충남,충남,1,6,4,0,2,0,6,4,0,2,0,4,4,0,0,0,9607906,9607906,0,0,0,6176959,74,신용,1934544,41,신용,202302.0,202212.0,20180421.0,1,1,1,1,1,1,0,0,0,0,0,0,0,0,0,0,0,0,1,4.자녀성장기(1),3,201807,0,5182988,2092350,0,0,19.04109280094048,17.553776274211305,15.842998634866202,18.82310036047433,20170914.0,100.0,20.0,0,0,12,0,0,12,0,0,12,0,0,Y,0,N,0,6579858,6108608,0,0,0,0,3,3,0,0,0,0,349
201807,SYN_71,2,40대,_,2,1,1,1,1,1,1,20180301,5,0,0,0,0,0,0,0,LGT,0,0,0,0,경기,경기,1,3,2,0,1,0,3,2,0,1,0,2,2,0,0,0,4710943,4710943,0,0,0,2742464,58,신용,1722969,63,신용,202211.0,202212.0,20171112.0,1,1,1,1,1,1,0,0,0,0,0,0,0,0,0,0,0,0,0,4.자녀성장기(1),8,201807,0,5183236,2021065,0,15535469,14.842121410404031,14.83005194887616,12.517051561600656,13.627509106808166,20170928.0,100.0,10.0,0,0,12,0,0,12,0,0,12,0,0,Y,0,Z,1,6343566,6026488,0,0,0,0,3,3,0,0,0,0,335
201807,SYN_72,2,40대,_,_,1,1,1,1,3,2,20140701,49,0,0,0,0,0,0,0,LGT,1,45,0,0,부산,부산,1,5,4,2,1,0,4,3,2,1,0,1,1,0,0,0,0,0,0,0,0,0,-2,신용,0,0,신용,202103.0,,20160527.0,1,1,0,1,1,0,0,0,0,0,0,0,0,0,0,0,0,0,0,5.자녀성장기(2),26,201807,0,5101989,1845845,20000000,20228945,14.646392088156674,14.837215698577658,10.27353061102122,13.260428186968104,,0.0,10.0,0,0,12,0,0,12,0,0,12,852,256,Y,0,Z,1,5000490,5000692,0,0,0,0,3,3,0,0,0,0,99999999
201807,SYN_75,2,20대,_,3,1,1,0,1,3,3,20180601,2,0,1,0,0,0,0,0,SKT,0,0,0,0,서울,서울,1,3,3,0,0,0,3,3,0,0,0,1,1,0,0,0,0,0,0,0,0,0,-2,신용,0,0,신용,202210.0,,20180430.0,1,1,0,1,1,0,0,0,0,0,0,0,0,0,0,0,0,0,1,2.가족형성기,3,201807,0,8385985,2232907,0,0,15.957298156731254,14.87041400016597,11.535534698416146,10.67102304889223,,0.0,10.0,0,0,12,0,0,12,0,0,12,0,0,N,0,Z,1,7304267,0,0,0,0,0,3,3,0,0,0,0,99999999
201807,SYN_78,2,30대,_,_,1,1,1,1,2,2,20081101,117,0,0,0,0,0,0,0,LGT,0,0,0,0,경북,경북,1,2,2,0,0,0,2,2,0,0,0,1,1,0,0,0,1561581,1561581,0,0,0,1969854,75,신용,0,0,신용,202210.0,202207.0,20171023.0,1,1,0,1,1,0,0,0,0,0,0,0,0,0,0,0,0,0,0,4.자녀성장기(1),9,201807,999822,999764,366274,0,15933880,14.65533679376402,11.89596383820668,10.473335750075885,13.335735884444048,20160505.0,100.0,10.0,0,0,12,0,0,12,0,0,12,354,120,Y,0,Z,1,999964,999792,0,0,0,0,3,3,0,0,0,0,832
201807,SYN_81,2,50대,_,_,1,1,0,1,1,1,20180601,2,0,0,0,1,0,0,0,LGT,0,0,0,0,서울,서울,1,3,2,0,1,0,3,2,0,1,0,2,2,0,0,0,2268654,2268654,0,0,0,1402705,65,신용,959375,45,신용,202209.0,202208.0,20171022.0,1,1,0,0,0,0,0,0,0,0,0,0,0,0,0,0,0,0,0,5.자녀성장기(2),9,201807,0,5216159,2130831,0,0,16.888124157717524,15.628932924602427,13.001178403551512,16.231100471972898,,0.0,15.0,0,0,12,0,0,12,0,0,12,0,0,Y,0,Z,1,6832733,6499328,0,0,0,0,3,3,0,0,0,0,99999999
201807,SYN_82,2,40대,_,_,1,1,1,1,1,1,20160101,31,0,0,0,1,1,1,1,SKT,2,43,0,1,대구,대구,1,2,2,0,0,0,2,2,0,0,0,0,0,0,0,0,0,0,0,0,0,0,0,신용,0,0,신용,202008.0,,20150924.0,1,1,0,1,1,0,0,0,0,0,0,0,0,0,0,0,0,0,0,5.자녀성장기(2),34,201807,0,4989197,1700697,0,0,14.833935758378242,14.840122656180188,10.382905734030969,13.63878630928014,,0.0,10.0,0,0,12,0,0,12,0,0,12,690,212,Y,0,Z,1,4999770,4999283,0,0,0,0,3,3,0,0,0,0,99999999
201807,SYN_83,1,30대,_,_,1,1,1,1,1,1,20141101,45,0,0,0,1,0,0,0,LGT,0,0,0,0,전북,전북,1,3,2,0,1,0,3,2,0,1,0,3,2,0,1,0,795849,675757,0,120092,0,165488,4,신용,659830,32,신용,201908.0,201911.0,20141101.0,1,1,1,1,1,1,0,0,0,0,0,0,0,0,0,0,0,0,0,3.자녀출산기,44,201807,0,5052786,1842255,8999894,18075045,14.65694007038559,14.829580706033806,10.25,13.28887289977777,,0.0,10.0,0,0,12,0,0,12,0,0,12,709,217,Y,0,Z,1,5000120,4999943,0,0,0,0,3,3,0,0,0,0,99999999
201807,SYN_85,1,40대,07,_,1,0,1,1,2,2,20180401,4,0,0,1,0,0,0,0,LGT,2,20,0,1,경기,경기,1,3,3,0,0,0,3,3,0,0,0,2,2,0,0,0,5919091,5919091,0,0,0,3564451,80,신용,1596789,51,신용,202301.0,202212.0,20180213.0,0,0,0,0,0,0,0,0,0,0,0,0,0,0,0,0,0,0,0,4.자녀성장기(1),5,201807,0,4478872,0,4800086,15676450,14.220785000315766,10.89773938821344,10.25,13.122809815120853,,0.0,10.0,1,190,12,0,0,12,1,162,3,526,168,Y,0,Z,1,2998076,2997314,0,0,0,0,3,3,0,0,0,0,99999999
201807,SYN_90,2,20대,_,_,1,1,1,1,1,1,20180401,4,0,0,0,0,0,0,0,SKT,0,0,0,0,경기,경기,1,2,2,0,0,0,2,2,0,0,0,2,2,0,0,0,3273180,3273180,0,0,0,1840763,110,신용,1351321,65,신용,202009.0,202101.0,20151227.0,1,1,1,1,1,1,0,0,0,0,0,0,0,0,0,0,0,0,0,2.가족형성기,31,201807,0,1926219,706065,0,15298135,15.099053796817971,15.268056880733075,12.919808776154069,14.503221922680954,20160525.0,100.0,15.0,0,0,12,0,0,12,0,0,12,343,96,Y,0,Z,1,2078676,1926979,0,0,0,0,3,3,0,0,0,0,581
201807,SYN_91,2,30대,07,_,1,1,1,1,1,1,20140301,53,0,0,0,1,1,1,1,SKT,1,60,0,0,전북,전북,1,2,2,0,0,0,2,2,0,0,0,2,2,0,0,0,2435609,2435609,0,0,0,1360341,31,신용,1079013,42,신용,202304.0,202302.0,20180205.0,1,1,1,1,1,1,0,0,0,0,0,0,0,0,0,0,0,0,0,4.자녀성장기(1),5,201807,0,3000222,1055082,4800661,16068271,14.220366382125825,14.872052736249962,10.25,13.121833933901469,,0.0,10.0,0,0,12,0,0,12,0,0,12,0,0,Y,0,Z,1,3000248,3000262,0,0,0,0,3,3,0,0,0,0,99999999
201807,SYN_94,1,30대,_,4,1,1,0,1,3,3,20150501,39,0,0,1,0,0,0,0,LGT,0,0,0,0,경기,경기,1,5,4,0,1,0,5,4,0,1,0,3,3,0,0,0,2322655,2322655,0,0,0,1353531,134,신용,655558,48,신용,202108.0,202108.0,20170125.0,1,1,1,1,1,1,0,0,0,0,0,0,0,0,0,0,0,0,0,3.자녀출산기,18,201807,0,1917871,542045,0,0,22.992003206076607,18.05242700730673,18.3100426958506,21.245961629191857,,0.0,20.0,0,0,12,0,0,12,0,0,12,0,0,Y,0,N,0,2090120,1928995,0,0,0,0,3,3,0,0,0,0,99999999
201807,SYN_100,1,40대,_,1,1,1,0,1,1,1,20170701,13,0,0,1,0,0,0,0,SKT,0,0,0,0,경기,경기,1,2,2,0,0,0,2,2,0,0,0,2,2,0,0,0,1556366,1556366,0,0,0,821465,16,신용,822361,35,신용,202204.0,202206.0,20170129.0,0,0,0,0,0,0,0,0,0,0,0,0,0,0,0,0,0,0,0,4.자녀성장기(1),18,201807,0,2999562,849906,0,0,19.96395237688405,18.38085800679604,15.38613165187676,21.191267303152813,,0.0,20.0,0,0,12,0,0,12,0,0,12,0,0,Y,0,Z,1,2999661,2999522,0,0,0,0,3,3,0,0,0,0,99999999
201807,SYN_102,1,30대,07,_,1,1,0,1,1,1,20130501,63,0,0,0,0,0,0,0,SKT,0,0,0,0,서울,서울,1,4,2,0,2,0,4,2,0,2,0,3,2,0,1,0,6008112,5814388,0,193724,0,3375007,49,신용,1927137,63,신용,202203.0,202202.0,20170207.0,1,1,1,1,1,1,0,0,0,0,0,0,0,0,0,0,0,0,0,3.자녀출산기,17,201807,0,4163760,1147504,0,0,15.118682068452916,15.276531448716126,11.828599554856998,14.468968216180246,,0.0,20.0,0,0,12,0,0,12,0,0,12,0,0,Y,0,N,0,3651447,3740652,0,0,0,0,3,3,0,0,0,0,99999999
201807,SYN_104,1,50대,_,_,1,1,0,1,1,1,20140501,51,0,1,0,1,1,1,1,KTF,0,0,0,0,인천,인천,0,2,2,0,0,0,2,2,0,0,0,0,0,0,0,0,0,0,0,0,0,0,-1,신용,0,0,신용,202101.0,,20160404.0,0,0,0,0,0,0,0,0,0,0,0,0,0,0,0,0,0,0,0,5.자녀성장기(2),27,201807,0,2045542,741241,0,0,14.22,10.898420055810684,10.25,13.107629403901816,,0.0,10.0,0,0,12,0,0,12,0,0,12,481,161,N,1800,Z,1,2099315,2058031,0,0,0,0,3,3,0,0,0,0,99999999
201807,SYN_107,1,60대,_,_,1,1,1,1,1,1,20130601,62,0,0,0,0,0,0,1,KTF,2,45,0,0,경기,경기,1,2,2,0,0,0,2,2,0,0,0,2,2,0,0,0,853330,853330,0,0,0,269867,10,신용,616758,27,신용,202103.0,202104.0,20150717.0,1,1,1,1,1,1,0,0,0,0,0,0,0,0,0,0,0,0,0,7.노령,36,201807,0,4227903,1103004,0,4976902,18.992689926420297,17.26138910923038,14.412967463045952,18.98676517742024,,0.0,20.0,0,0,12,1,196,9,0,0,12,0,0,Y,0,Z,1,3635032,3766240,0,0,0,0,3,3,0,0,0,0,99999999
201807,SYN_112,1,70대이상,_,_,1,1,1,1,2,2,19960901,263,0,0,0,0,0,0,1,KTF,1,104,0,0,경기,서울,1,3,3,1,0,0,3,3,1,0,0,3,3,1,0,0,7225067,7225067,967379,0,0,4012393,57,신용,1931059,59,신용,202003.0,202004.0,20150222.0,1,1,1,1,1,1,0,0,0,0,0,0,0,0,0,0,0,0,0,7.노령,41,201807,4353784,21196658,5980471,4579801,5476121,14.22045507708535,10.898032395820763,10.25,13.09675692300984,,0.0,10.0,0,0,12,1,197,9,0,0,12,0,0,Y,0,Z,1,20979347,22057331,0,0,0,0,3,3,0,0,0,0,99999999
201807,SYN_114,2,20대,_,_,1,1,0,1,1,1,20131201,56,0,1,0,0,0,0,0,SKT,0,0,0,0,서울,서울,1,2,2,0,0,0,2,2,0,0,0,2,2,0,0,0,1742498,1742498,0,0,0,876725,96,신용,994282,63,신용,202109.0,202109.0,20160826.0,1,1,1,1,1,1,0,0,0,0,0,0,0,0,0,0,0,0,0,2.가족형성기,23,201807,0,4089581,1373003,0,0,14.22,14.864692715591383,10.25,13.126977305900454,,0.0,10.0,0,0,12,0,0,12,0,0,12,483,141,N,1800,Z,1,3591385,3740983,0,0,0,0,3,3,0,0,0,0,99999999
201807,SYN_115,1,40대,07,_,1,1,1,1,1,1,20141201,44,0,0,0,0,0,0,1,SKT,0,0,0,0,경북,경북,1,3,2,0,1,0,3,2,0,1,0,3,2,0,1,0,2828385,358861,0,2469524,0,-79424,-2,신용,575985,29,신용,202207.0,202208.0,20170509.0,0,0,0,0,0,0,0,0,0,0,0,0,0,0,0,0,0,0,0,4.자녀성장기(1),14,201807,0,4178952,1305287,0,15515496,15.09289117085192,15.278083586947515,11.127093079393957,14.488344537636175,,0.0,15.0,0,0,12,0,0,12,0,0,12,589,186,Y,0,Z,1,3619040,3775324,0,0,0,0,3,3,0,0,0,0,99999999
201807,SYN_117,2,50대,_,_,1,0,1,1,1,1,20171001,10,0,0,0,0,0,0,0,SKT,2,18,1,1,서울,서울,1,2,2,0,0,0,2,2,0,0,0,0,0,0,0,0,0,0,0,0,0,0,1,신용,0,0,신용,202112.0,,20170201.0,1,1,0,1,1,0,0,0,0,0,0,0,0,0,0,0,0,0,0,5.자녀성장기(2),17,201807,0,1000497,0,4800342,15599728,14.220560724251124,14.882892040188286,10.326548377939393,13.123624105293915,20170119.0,100.0,10.0,0,0,12,1,206,1,1,167,12,633,219,Y,0,Z,1,7082287,7059629,0,0,0,0,3,3,0,0,0,0,573
201807,SYN_118,1,40대,_,_,1,1,1,1,3,2,20130701,61,0,0,0,1,1,1,1,SKT,0,0,0,0,경남,경남,1,4,4,0,0,0,4,4,0,0,0,3,3,0,0,0,1232301,1232301,0,0,0,325786,24,신용,692548,32,신용,202210.0,202208.0,20171128.0,1,1,1,1,1,1,0,0,0,0,0,0,0,0,0,0,0,0,0,4.자녀성장기(1),8,201807,0,5517636,2669677,0,15472671,14.668530010234784,14.836556250598976,10.674097699371671,13.311979553726308,20120221.0,100.0,10.0,0,0,12,0,0,12,0,0,12,863,271,Y,0,Z,1,6777381,6556220,0,0,0,0,3,3,0,0,0,0,2356
201807,SYN_127,2,40대,07,_,1,1,1,1,3,3,20120801,72,0,0,0,0,0,0,0,SKT,1,98,0,0,경기,서울,1,5,5,2,0,0,5,5,2,0,0,4,4,2,0,0,9864664,9864664,1507661,0,0,2222738,190,신용,6170971,187,신용,202309.0,202308.0,20180603.0,1,1,1,1,1,1,0,0,0,0,0,0,0,0,0,0,0,0,0,4.자녀성장기(1),1,201807,0,8682197,2829041,9000170,20494266,14.22045737300324,10.897709098938748,10.25,13.099691241874872,,0.0,10.0,0,0,12,0,0,12,0,0,12,1197,348,Y,0,Z,1,7849986,7985766,0,0,0,0,3,3,0,0,0,0,99999999
201807,SYN_132,2,50대,_,_,1,1,1,1,2,2,20141001,46,0,0,0,0,0,0,0,SKT,0,0,0,0,부산,부산,1,4,2,0,2,0,4,2,0,2,0,2,2,0,0,0,957863,957863,0,0,0,504460,-1,신용,476221,21,신용,202206.0,202203.0,20170518.0,1,1,1,1,1,1,0,0,0,0,0,0,0,0,0,0,0,0,1,6.자녀출가기,14,201807,0,4991059,2218662,8999642,18061708,14.835313941652712,14.840324566249924,10.54953558049143,13.62837693882097,,0.0,10.0,0,0,12,0,0,12,0,0,12,0,0,Y,0,Z,1,5000615,5000700,0,0,0,0,3,3,0,0,0,0,99999999
201807,SYN_135,1,50대,_,_,1,1,1,1,1,1,20180601,2,0,0,0,0,0,0,0,KTF,2,45,0,0,서울,서울,1,2,2,0,0,0,2,2,0,0,0,2,2,0,0,0,343198,343198,0,0,0,-113128,1,신용,617023,29,신용,202202.0,202203.0,20170125.0,0,0,0,0,0,0,0,0,0,0,0,0,0,0,0,0,0,0,0,5.자녀성장기(2),18,201807,0,1000060,561691,0,15215051,15.096697674901796,15.28330719328685,11.153337552107622,14.527043457838223,,0.0,15.0,0,0,12,0,0,12,0,0,12,0,0,Y,0,Z,1,1000177,1000193,0,0,0,0,3,3,0,0,0,0,99999999
201807,SYN_139,2,40대,_,3,1,1,1,1,1,1,20180601,2,0,0,0,0,0,0,0,LGT,1,44,0,0,경기,경기,1,2,2,0,0,0,2,2,0,0,0,2,2,0,0,0,10000125,10000125,0,0,0,5596904,165,신용,3761764,130,신용,202210.0,202211.0,20170816.0,1,1,1,1,1,1,0,0,0,0,0,0,0,0,0,0,0,0,1,4.자녀성장기(1),11,201807,0,9999573,3842575,4799850,15498189,14.220485279303965,10.897964164700417,10.496016732094011,10.4,,0.0,10.0,0,0,12,0,0,12,0,0,12,0,0,Y,0,Z,1,10000093,10001930,0,0,0,0,3,3,0,0,0,0,99999999
201807,SYN_141,2,20대,07,2,1,1,0,1,3,3,20180601,2,0,1,0,0,0,0,0,KTF,0,0,0,0,충남,충남,1,6,5,2,1,0,6,5,2,1,0,5,4,2,1,0,10593427,10317848,1365217,275579,0,4865200,123,신용,3286769,100,신용,202103.0,202108.0,20171127.0,1,1,1,1,1,1,0,0,0,0,0,0,0,0,0,0,0,0,1,2.가족형성기,8,201807,0,4313177,1046555,0,0,15.120880323285688,15.275542974812923,11.491332420975642,14.489559142712828,,0.0,10.0,0,0,12,0,0,12,1,178,1,668,220,N,0,N,0,3666111,3862145,0,0,0,0,3,3,0,0,0,0,99999999
201807,SYN_143,1,70대이상,07,_,1,1,0,1,2,2,20100401,100,0,1,0,1,1,1,0,SKT,1,104,0,0,전북,세종,1,3,3,0,0,0,3,3,0,0,0,3,3,0,0,0,6800405,6800405,0,0,0,3947234,95,신용,1977901,76,신용,202207.0,202206.0,20170909.0,1,1,1,1,1,1,0,0,0,0,0,0,0,0,0,0,0,0,0,7.노령,10,201807,999945,5428729,2173162,0,0,14.2200718205965,14.861206474919644,10.25,13.127500468984833,,0.0,10.0,0,0,12,0,0,12,0,0,12,969,296,N,1800,Z,1,6287860,6052910,0,0,0,0,3,3,0,0,0,0,99999999
201807,SYN_144,2,30대,07,_,1,1,1,1,2,2,20140801,48,0,0,0,0,0,0,0,KTF,0,0,0,0,서울,서울,1,3,2,1,1,0,3,2,1,1,0,3,2,1,1,0,6939025,6593424,912038,345601,0,5021516,125,신용,860695,38,신용,201906.0,201908.0,20141219.0,1,1,1,1,1,1,0,0,0,0,0,0,0,0,0,0,0,0,0,2.가족형성기,43,201807,0,5621395,2470224,9000571,20438563,14.220327590239703,10.897939251378988,10.25,13.110796994726632,,0.0,10.0,0,0,12,0,0,12,0,0,12,1100,331,Y,0,Z,1,6956670,6968334,0,0,0,0,3,3,0,0,0,0,99999999
201807,SYN_146,2,40대,_,_,1,1,1,1,2,1,20170301,17,0,0,0,1,1,1,1,LGT,0,0,0,0,경기,경기,0,4,2,0,2,0,4,2,0,2,0,0,0,0,0,0,0,0,0,0,0,0,-2,신용,0,0,신용,202203.0,,20170418.0,1,1,0,1,1,0,0,0,0,0,0,0,0,0,0,0,0,0,1,4.자녀성장기(1),15,201807,0,1000122,401627,4411658,20315876,14.220392176935016,14.870321208417998,10.25,13.112945580694213,,0.0,10.0,0,0,12,0,0,12,0,0,12,363,110,Y,0,Z,1,999930,1000025,0,0,0,0,3,3,0,0,0,0,99999999
201807,SYN_148,1,50대,_,_,1,1,0,1,2,2,20170501,15,0,0,0,1,1,1,1,LGT,1,104,0,0,서울,서울,0,3,3,0,0,0,2,2,0,0,0,1,1,0,0,0,4013133,4013133,0,0,0,3298209,86,신용,0,0,신용,202204.0,202204.0,20170325.0,1,1,0,1,1,0,0,0,0,0,0,0,0,0,0,0,0,0,0,5.자녀성장기(2),16,201807,0,4190429,1198025,0,0,18.94045691370658,17.196617807719004,14.250985279400778,18.8020803065169,20160505.0,100.0,20.0,0,0,12,0,0,12,0,0,12,0,0,Y,0,Z,1,3649650,3755650,0,0,0,0,3,3,0,0,0,0,825
201807,SYN_150,1,30대,07,_,1,1,1,1,2,2,20040901,167,0,0,0,0,0,0,0,SKT,2,44,0,0,서울,서울,1,3,2,0,1,0,3,2,0,1,0,2,2,0,0,0,4321721,4321721,0,0,0,3059966,107,신용,805291,38,신용,202104.0,202105.0,20160515.0,1,1,1,1,1,1,0,0,0,0,0,0,0,0,0,0,0,0,0,3.자녀출산기,26,201807,0,18656101,4807241,9000206,20620169,14.6664567457886,14.820003897478015,10.422555016949715,13.296748182756993,20120107.0,100.0,10.0,0,0,12,0,0,12,1,189,3,0,0,Y,0,Z,1,18537356,19125184,0,0,0,0,3,3,0,0,0,0,2409
201807,SYN_155,1,70대이상,07,_,1,1,0,1,1,1,20091001,106,0,1,0,0,0,0,0,SKT,0,0,0,0,서울,서울,1,2,2,0,0,0,2,2,0,0,0,2,2,0,0,0,3996879,3996879,0,0,0,2270243,86,신용,1478739,67,신용,202201.0,202202.0,20170108.0,0,0,0,0,0,0,0,0,0,0,0,0,0,0,0,0,0,0,0,7.노령,18,201807,0,19059787,5410203,0,0,14.220024072197315,10.898025342063448,10.25,13.111481318521657,,0.0,10.0,0,0,12,0,0,12,0,0,12,0,0,N,1800,Z,1,18727971,18851714,0,0,0,0,3,3,0,0,0,0,99999999
201807,SYN_167,1,50대,06,_,1,1,1,1,2,1,19980301,245,0,0,0,0,0,0,0,KTF,0,0,0,0,충북,충북,1,3,2,1,1,0,2,1,1,1,0,2,1,1,1,0,806581,475428,720370,331153,0,349704,3,신용,0,0,신용,,,20151009.0,1,1,1,1,0,0,0,0,0,0,0,0,0,0,0,0,0,0,0,5.자녀성장기(2),33,201807,0,19913248,5695647,20000000,25000000,14.22,10.897548016239416,10.25,13.09601060085406,,0.0,10.0,0,0,12,0,0,12,0,0,12,0,0,Y,0,Z,1,19513532,19929205,0,0,0,0,3,3,0,0,0,0,99999999
201807,SYN_170,1,20대,06,_,1,1,1,1,1,1,20170301,17,0,0,0,1,1,1,1,SKT,0,0,0,0,충북,충북,1,5,2,0,3,0,5,2,0,3,0,4,2,0,2,0,13176830,4616273,0,8560557,0,3005487,44,신용,1160229,41,신용,202208.0,202207.0,20170913.0,1,1,1,1,1,1,0,0,0,0,0,0,0,0,0,0,0,0,1,1.Single,10,201807,0,3998482,1013077,0,15736983,14.22,10.898376641329046,10.42769682624135,13.182604308038032,,0.0,10.0,0,0,12,0,0,12,1,168,3,615,190,Y,0,Z,1,3526680,3657792,0,0,0,0,3,3,0,0,0,0,99999999
201807,SYN_171,1,60대,06,_,1,1,0,1,3,3,19960301,269,0,0,0,0,0,0,0,KTF,1,102,0,0,경북,경북,1,4,4,0,0,0,4,4,0,0,0,3,3,0,0,0,5588238,5588238,0,0,0,3372061,17,신용,1389943,36,신용,202305.0,202303.0,20180408.0,1,1,1,1,1,1,0,0,0,0,0,0,0,0,0,0,0,0,1,6.자녀출가기,3,201807,0,8879454,4153547,0,0,21.753111524270587,17.67188805139769,15.735782829584236,16.195464023615113,20160603.0,100.0,20.0,0,0,12,0,0,12,0,0,12,0,0,Y,0,Z,1,8432766,8473548,0,0,0,0,3,3,0,0,0,0,584
201807,SYN_172,2,40대,06,_,1,1,0,1,2,2,20010101,211,0,0,0,1,1,1,0,SKT,1,103,0,0,경기,경기,0,3,2,0,1,0,3,2,0,1,0,0,0,0,0,0,0,0,0,0,0,0,-2,신용,0,0,신용,202112.0,,20160613.0,1,1,1,1,1,1,0,0,0,0,0,0,0,0,0,0,0,0,0,5.자녀성장기(2),25,201807,0,19232624,5004579,0,0,22.996242792708987,22.998746630915672,18.93603216348504,23.0,20120330.0,100.0,20.0,0,0,12,1,198,9,0,0,12,0,0,Y,0,N,0,18540992,19578655,0,0,0,0,3,3,0,0,0,0,2314
201807,SYN_188,2,40대,_,_,1,1,0,1,2,2,19991201,224,0,1,0,1,1,1,1,,1,45,0,0,서울,서울,0,3,3,0,0,0,3,3,0,0,0,2,2,0,0,0,6316473,6316473,0,0,0,3739927,115,신용,1836706,75,신용,202010.0,202011.0,20150924.0,1,1,1,1,1,1,0,0,0,0,0,0,0,0,0,0,0,0,0,5.자녀성장기(2),34,201807,3856872,18463443,4894965,0,0,14.22,14.863839765489772,10.25,13.1259245897473,,0.0,10.0,0,0,12,0,0,12,0,0,12,0,0,N,1800,Z,1,18345817,18043797,0,0,0,0,3,3,0,0,0,0,99999999
201807,SYN_195,1,50대,_,_,1,1,1,1,2,2,20130801,60,0,0,0,0,0,0,0,SKT,0,0,0,0,인천,인천,1,2,2,0,0,0,2,2,0,0,0,2,2,0,0,0,4066941,4066941,0,0,0,2535985,73,신용,1102662,42,신용,202312.0,202309.0,20180707.0,1,1,1,1,1,1,0,0,0,0,0,0,0,0,0,0,0,0,0,5.자녀성장기(2),0,201807,0,8837604,2901526,9000147,18073113,14.220904569468653,14.856139840602491,10.25,13.12473171426527,20160620.0,100.0,10.0,0,0,12,0,0,12,1,188,3,1115,335,Y,0,Z,1,7842087,7941789,0,0,0,0,3,3,0,0,0,0,571
201807,SYN_199,2,30대,06,_,1,1,0,1,3,3,20170801,12,0,0,1,0,0,0,0,LGT,0,0,0,0,광주,광주,1,5,5,2,0,0,5,5,2,0,0,4,4,2,0,0,9022523,9022523,1320842,0,0,3411039,96,신용,3839029,109,신용,202208.0,202208.0,20171226.0,1,1,1,1,1,1,0,0,0,0,0,0,0,0,0,0,0,0,0,3.자녀출산기,7,201807,0,4546091,1361544,0,0,21.79954500028892,17.29748333953988,13.802023319079945,18.859586301359982,20160514.0,100.0,10.0,0,0,12,0,0,12,1,171,10,655,222,Y,0,N,0,3689747,3790782,0,0,0,0,3,3,0,0,0,0,833
201807,SYN_202,2,30대,_,_,1,1,1,1,2,2,20170501,15,0,0,1,1,1,1,1,,0,0,0,0,경기,경기,0,3,2,0,1,0,3,2,0,1,0,2,2,0,0,0,1485727,1485727,0,0,0,829778,46,신용,635435,35,신용,202210.0,202208.0,20170824.0,1,1,1,1,1,1,0,0,0,0,0,0,0,0,0,0,0,0,0,3.자녀출산기,11,201807,0,5264337,1849727,0,15460255,14.22,14.86789641782245,10.259945931058432,13.153342591688787,20170122.0,100.0,10.0,0,0,12,0,0,12,1,174,3,0,0,Y,0,Z,1,6061026,5752504,0,0,0,0,3,3,0,0,0,0,571
201807,SYN_204,1,40대,06,_,1,1,1,1,3,3,20030201,186,0,0,0,0,0,0,0,SKT,1,101,0,0,경기,서울,1,5,5,2,0,0,5,5,2,0,0,4,4,2,0,0,13223477,13223477,1649103,0,0,5647833,169,신용,6121066,165,신용,202204.0,202205.0,20170405.0,1,1,1,1,1,1,0,0,0,0,0,0,0,0,0,0,0,0,0,4.자녀성장기(1),15,201807,3541436,8623516,2722071,8999978,20658776,14.22,10.89827555919376,10.342965401149318,13.119849285810814,20120103.0,100.0,10.0,0,0,12,1,199,9,1,194,8,1366,386,Y,0,Z,1,7838514,7793555,0,0,0,0,3,3,0,0,0,0,2408
201807,SYN_207,1,40대,06,_,1,1,1,1,3,3,20100801,96,0,0,0,0,0,0,0,SKT,1,101,0,0,서울,서울,1,4,4,0,0,0,4,4,0,0,0,3,3,0,0,0,9987784,9987784,0,0,0,5595999,193,신용,3288476,132,신용,202205.0,202204.0,20170521.0,0,0,0,0,0,0,0,0,0,0,0,0,0,0,0,0,0,0,0,4.자녀성장기(1),14,201807,3627069,8661404,3112126,0,15872330,14.22,14.864653062783328,10.477154404846312,13.173601634407095,,0.0,10.0,0,0,12,0,0,12,0,0,12,1324,371,Y,0,Z,1,7820503,7808148,0,0,0,0,3,3,0,0,0,0,99999999
201807,SYN_214,1,40대,07,_,1,1,0,1,2,2,20130701,61,0,0,0,0,0,0,0,SKT,0,0,0,0,전북,전북,1,3,3,0,0,0,3,3,0,0,0,2,2,0,0,0,1946709,1946709,0,0,0,1201279,41,신용,763407,32,신용,202301.0,202211.0,20171002.0,1,1,1,1,1,1,0,0,0,0,0,0,0,0,0,0,0,0,1,4.자녀성장기(1),9,201807,0,8809909,2864853,0,0,19.06942956894905,17.224610264423617,16.337398514016932,18.78637890278572,20160508.0,100.0,20.0,0,0,12,0,0,12,1,183,10,857,293,Y,0,Z,1,7811118,7787783,0,0,0,0,3,3,0,0,0,0,834
201807,SYN_215,2,30대,_,1,1,1,1,1,1,1,20180101,7,0,0,0,0,0,0,0,SKT,1,20,0,0,부산,부산,1,2,2,0,0,0,1,1,0,0,0,1,1,0,0,0,-947,-947,0,0,0,-12566,10,신용,0,0,신용,202208.0,202207.0,20171008.0,0,0,0,0,0,0,0,0,0,0,0,0,0,0,0,0,0,0,0,4.자녀성장기(1),9,201807,0,2999649,934324,4800700,15706884,14.220837824048836,10.898243274905626,10.341529525311168,13.089417878314078,,0.0,10.0,0,0,12,0,0,12,0,0,12,502,151,Y,0,Z,1,2999749,3000026,0,0,0,0,3,3,0,0,0,0,99999999
201807,SYN_216,2,50대,_,_,1,1,1,1,1,1,19990201,234,0,0,0,1,1,1,0,SKT,0,0,0,0,서울,서울,1,4,2,0,2,0,4,2,0,2,0,3,2,0,1,0,1559569,1415980,0,143589,0,739410,15,신용,739573,31,신용,202210.0,202209.0,20170719.0,1,1,1,1,1,1,0,0,0,0,0,0,0,0,0,0,0,0,0,6.자녀출가기,12,201807,3808595,4301707,1288950,0,16100483,17.983894376064523,15.526815242076545,11.485938860070863,14.670385557085792,,0.0,15.0,0,0,12,0,0,12,1,171,10,568,181,Y,0,Z,1,3653481,3739238,0,0,0,0,3,3,0,0,0,0,99999999
201807,SYN_217,1,40대,_,1,1,1,0,1,2,2,20180501,3,0,1,0,0,0,0,0,SKT,2,44,0,0,인천,인천,1,2,2,0,0,0,2,2,0,0,0,2,2,0,0,0,2236109,2236109,0,0,0,1743532,26,신용,563438,15,신용,202211.0,202212.0,20180725.0,0,0,0,0,0,0,0,0,0,0,0,0,0,0,0,0,0,0,1,4.자녀성장기(1),0,201807,0,1841231,728571,0,0,16.933802034337056,15.637887125037045,13.195427972328138,16.211286418059938,,0.0,20.0,0,0,12,0,0,12,0,0,12,0,0,N,0,N,0,2049208,1873711,0,0,0,0,3,3,0,0,0,0,99999999
201807,SYN_222,2,20대,_,_,1,1,1,1,2,2,20171101,9,0,0,0,0,0,0,0,LGT,0,0,0,0,대전,대전,1,2,2,0,0,0,2,2,0,0,0,1,1,0,0,0,1323823,1323823,0,0,0,1242156,120,신용,0,0,신용,202212.0,202210.0,20180414.0,1,1,1,1,1,1,0,0,0,0,0,0,0,0,0,0,0,0,0,2.가족형성기,3,201807,0,1905142,552077,0,15201363,14.873630678656871,14.8263374782974,10.418914910984062,13.64569154087038,,0.0,10.0,0,0,12,0,0,12,0,0,12,390,119,Y,0,Z,1,2074072,1904468,0,0,0,0,3,3,0,0,0,0,99999999
201807,SYN_223,1,30대,_,_,1,1,0,1,1,1,20131001,58,0,1,0,0,0,0,0,SKT,0,0,0,0,대구,대구,1,3,2,0,1,0,3,2,0,1,0,2,2,0,0,0,1601797,1601797,0,0,0,881614,5,신용,747567,33,신용,202209.0,202209.0,20170513.0,1,1,1,1,1,1,0,0,0,0,0,0,0,0,0,0,0,0,0,2.가족형성기,14,201807,0,2027766,844786,0,0,14.84566444757698,14.825590664849168,10.632689567622656,13.655987908489406,,0.0,10.0,0,0,12,0,0,12,0,0,12,440,139,N,1622,Z,1,2089198,2002790,0,0,0,0,3,3,0,0,0,0,99999999
201807,SYN_225,2,70대이상,_,1,1,1,0,1,1,1,20180601,2,0,1,0,0,0,0,0,SKT,2,44,0,0,서울,,1,2,2,0,0,0,2,2,0,0,0,0,0,0,0,0,0,0,0,0,0,0,-1,신용,0,0,신용,202111.0,,20170423.0,0,0,0,0,0,0,0,0,0,0,0,0,0,0,0,0,0,0,0,7.노령,15,201807,0,999834,384969,0,0,14.865801594564594,14.845457133430312,10.592714669805927,13.645156420273176,,0.0,15.0,0,0,12,0,0,12,0,0,12,0,0,N,469,Z,1,1000067,1000114,0,0,0,0,3,3,0,0,0,0,99999999
201807,SYN_226,1,30대,_,1,1,1,1,1,1,1,20170601,14,0,0,0,0,0,0,0,SKT,1,98,0,0,경기,경기,1,2,2,0,0,0,1,1,0,0,0,1,1,0,0,0,-51145,-51145,0,0,0,-27937,6,신용,0,0,신용,202207.0,202205.0,20170703.0,0,0,0,0,0,0,0,0,0,0,0,0,0,0,0,0,0,0,0,3.자녀출산기,12,201807,0,8770240,2910761,4392066,15120448,14.220574336407967,14.8784869667766,10.25,13.11365846676875,,0.0,10.0,0,0,12,0,0,12,0,0,12,1105,321,Y,0,Z,1,7862601,7864316,0,0,0,0,3,3,0,0,0,0,99999999
201807,SYN_227,1,50대,07,_,1,1,0,1,3,3,20140201,54,0,0,1,0,0,0,0,SKT,1,102,0,0,인천,인천,1,5,4,0,1,0,4,3,0,1,0,3,3,0,0,0,1028014,1028014,0,0,0,873715,55,신용,121624,0,신용,202306.0,202306.0,20180612.0,1,1,0,0,0,0,0,0,0,0,0,0,0,0,0,0,0,0,1,5.자녀성장기(2),1,201807,0,5108014,1514888,0,0,22.995501600993016,18.05408301020428,18.432731923630698,21.25724140573162,20160424.0,100.0,20.0,0,0,12,1,197,9,1,184,5,0,0,Y,0,N,0,4999821,5000433,0,0,0,0,3,3,0,0,0,0,839
201807,SYN_229,2,30대,_,_,1,1,0,1,1,1,20131201,56,0,1,0,1,1,1,1,SKT,1,103,0,0,경기,경기,0,3,2,0,1,0,3,2,0,1,0,3,2,0,1,0,4551870,4430388,0,121482,0,2462831,92,신용,1484846,61,신용,202310.0,202307.0,20180719.0,1,1,1,0,0,0,0,0,0,0,0,0,0,0,0,0,0,0,0,3.자녀출산기,0,201807,0,5375872,2317317,0,0,14.860566372464636,14.82343490468228,10.60805687764605,13.63854403150455,,0.0,10.0,0,0,12,0,0,12,0,0,12,0,0,N,1800,Z,1,6690320,6402518,0,0,0,0,3,3,0,0,0,0,99999999
201807,SYN_238,1,30대,_,4,1,1,0,1,1,1,20160201,30,0,1,0,0,0,0,0,SKT,0,0,0,0,경기,경기,1,2,2,0,0,0,2,2,0,0,0,2,2,0,0,0,3835142,3835142,0,0,0,1535454,196,신용,2422674,150,신용,201905.0,201909.0,20140511.0,1,1,1,1,1,1,0,0,0,0,0,0,0,0,0,0,0,0,0,2.가족형성기,50,201807,0,399621,595989,0,0,16.916953326915937,15.630179072756528,12.997753310195552,16.201934405106414,,0.0,20.0,0,0,12,0,0,12,0,0,12,363,123,N,0,Z,1,471148,421766,0,0,0,0,3,3,0,0,0,0,99999999
201807,SYN_242,2,40대,_,_,1,1,1,1,2,2,20161201,20,0,0,0,0,0,0,0,KTF,0,0,0,0,부산,부산,1,3,2,0,1,0,3,2,0,1,0,3,2,0,1,0,705754,380912,0,324842,0,356974,0,신용,213453,14,신용,202305.0,202305.0,20180715.0,1,1,1,1,1,1,0,0,0,0,0,0,0,0,0,0,0,0,1,4.자녀성장기(1),0,201807,0,5221966,2249787,9000077,18065563,14.642098028543884,11.89532968807259,10.26274899318222,13.304569363534725,,0.0,10.0,0,0,12,0,0,12,0,0,12,711,232,Y,0,Z,1,6188154,5928434,0,0,0,0,3,3,0,0,0,0,99999999
201807,SYN_246,1,30대,_,_,1,1,1,1,1,1,20180601,2,0,0,0,1,1,1,1,KTF,1,45,0,0,서울,서울,1,2,2,0,0,0,2,2,0,0,0,2,2,0,0,0,3343764,3343764,0,0,0,1852518,210,신용,1603973,127,신용,202112.0,202112.0,20161213.0,1,1,1,1,1,1,0,0,0,0,0,0,0,0,0,0,0,0,0,2.가족형성기,19,201807,0,4318053,934971,0,15461482,14.878096977357163,14.83349097615176,10.528135262341827,13.647160253657342,20170130.0,100.0,10.0,0,0,12,0,0,12,1,152,6,490,141,Y,0,Z,1,3605132,3755331,0,0,0,0,3,3,0,0,0,0,569
201807,SYN_248,1,30대,_,_,1,1,0,1,1,1,20170401,16,0,0,0,0,0,0,0,SKT,0,0,0,0,충남,충남,1,2,2,0,0,0,2,2,0,0,0,2,2,0,0,0,3778647,3778647,0,0,0,2080777,127,신용,1482483,78,신용,202009.0,202010.0,20151124.0,1,1,1,1,1,1,0,0,0,0,0,0,0,0,0,0,0,0,0,3.자녀출산기,32,201807,0,1939751,421263,0,0,22.993294495645344,18.09365589421097,18.53435547467088,21.24895660654489,,0.0,20.0,0,0,12,0,0,12,0,0,12,0,0,Y,0,N,0,2100148,1925652,0,0,0,0,3,3,0,0,0,0,99999999
201807,SYN_249,1,30대,_,_,1,1,1,1,1,1,20160101,31,0,0,0,0,0,0,0,KTF,0,0,0,0,경기,경기,1,3,2,0,1,0,3,2,0,1,0,2,2,0,0,0,767555,767555,0,0,0,214148,4,신용,622175,29,신용,201912.0,202005.0,20150304.0,1,1,1,1,1,1,0,0,0,0,0,0,0,0,0,0,0,0,0,3.자녀출산기,40,201807,0,5380953,2536072,0,15588072,14.6509704846229,11.896138080463944,10.37810340964311,13.34939173645686,,0.0,10.0,0,0,12,0,0,12,0,0,12,712,239,Y,0,Z,1,6763455,6521089,0,0,0,0,3,3,0,0,0,0,99999999
201807,SYN_251,1,30대,_,2,1,1,0,1,2,2,20161201,20,0,1,0,0,0,0,0,LGT,0,0,0,0,충남,충남,1,2,2,0,0,0,2,2,0,0,0,1,1,0,0,0,1920360,1920360,0,0,0,2019490,80,신용,0,0,신용,202107.0,202108.0,20161001.0,0,0,0,0,0,0,0,0,0,0,0,0,0,0,0,0,0,0,0,3.자녀출산기,21,201807,0,2999792,988997,0,0,14.855474456433983,14.8329271285373,10.425053819581274,13.640787408429496,,0.0,10.0,0,0,12,0,0,12,0,0,12,532,161,N,1800,Z,1,2999973,3000154,0,0,0,0,3,3,0,0,0,0,99999999
201807,SYN_252,2,60대,07,_,1,1,1,1,2,2,19960301,269,0,0,0,0,0,0,1,KTF,0,0,0,0,서울,전남,1,2,2,0,0,0,2,2,0,0,0,2,2,0,0,0,1347961,1347961,0,0,0,854882,-2,신용,343317,12,신용,202211.0,202209.0,20171119.0,1,1,1,1,1,1,0,0,0,0,0,0,0,0,0,0,0,0,0,7.노령,8,201807,4074777,20947462,5996641,20000000,25000000,14.220207478996484,10.897414919739514,10.25,13.12403856858889,20120305.0,100.0,10.0,0,0,12,0,0,12,0,0,12,0,0,Y,0,Z,1,20641735,21486066,0,0,0,0,3,3,0,0,0,0,2350
201807,SYN_259,2,30대,_,_,1,1,0,1,3,3,20140501,51,0,1,0,0,0,0,0,KTF,0,0,0,0,대전,대전,1,4,4,0,0,0,3,3,0,0,0,3,3,0,0,0,1055957,1055957,0,0,0,619775,8,신용,337487,3,신용,202305.0,202303.0,20180710.0,0,0,0,0,0,0,0,0,0,0,0,0,0,0,0,0,0,0,1,3.자녀출산기,0,201807,0,4256639,1172086,0,0,14.22042521748725,14.874574669760657,10.299399272625454,13.097013783369352,,0.0,10.0,0,0,12,0,0,12,0,0,12,591,178,N,1800,Z,1,3663056,3793486,0,0,0,0,3,3,0,0,0,0,99999999
201807,SYN_260,1,40대,_,4,1,1,1,1,2,2,20160801,24,0,0,0,1,0,0,0,SKT,0,0,0,0,서울,서울,1,2,2,0,0,0,2,2,0,0,0,0,0,0,0,0,0,0,0,0,0,0,-2,신용,0,0,신용,202107.0,,20160824.0,1,1,0,1,1,0,0,0,0,0,0,0,0,0,0,0,0,0,0,4.자녀성장기(1),23,201807,0,5153024,2319410,4800140,15718995,14.645914395109571,14.836237420937689,10.346176417570575,13.273494248925314,,0.0,10.0,0,0,12,0,0,12,1,182,3,0,0,Y,0,Z,1,7447755,7348431,0,0,0,0,3,3,0,0,0,0,99999999
201807,SYN_261,2,30대,06,_,1,1,0,1,1,1,20130301,65,0,0,0,1,1,1,1,SKT,0,0,0,0,경기,경기,0,2,2,0,0,0,2,2,0,0,0,2,2,0,0,0,3684363,3684363,0,0,0,2417319,16,신용,1038820,32,신용,202207.0,202208.0,20170831.0,0,0,0,0,0,0,0,0,0,0,0,0,0,0,0,0,0,0,0,2.가족형성기,11,201807,0,5099045,2152661,0,0,21.88791212444397,17.600640074136628,14.03251045206781,18.82142899340819,20120404.0,100.0,20.0,0,0,12,0,0,12,0,0,12,0,0,Y,0,N,0,6489160,6250467,0,0,0,0,3,3,0,0,0,0,2313
201807,SYN_262,2,40대,_,3,1,1,1,1,2,2,20171001,10,0,0,0,1,1,1,1,KTF,1,101,1,1,서울,서울,0,2,2,0,0,0,2,2,0,0,0,2,2,0,0,0,2491042,2491042,0,0,0,1762952,47,신용,608703,24,신용,202306.0,202306.0,20180517.0,1,1,1,1,1,1,0,0,0,0,0,0,0,0,0,0,0,0,1,5.자녀성장기(2),2,201807,0,8762576,3011063,0,8943122,14.71096659380061,14.832286668554891,10.352753442223891,10.602075337317563,,0.0,10.0,0,0,12,0,0,12,0,0,12,1348,370,Y,0,Z,1,7844026,7977478,0,0,0,0,3,3,0,0,0,0,99999999
201807,SYN_264,1,60대,_,_,1,0,1,1,2,2,20141001,46,0,0,0,0,0,0,0,KTF,1,45,1,1,경남,경남,1,2,2,1,0,0,2,2,1,0,0,1,1,1,0,0,2386150,2386150,748282,0,0,2050667,15,신용,0,0,신용,202005.0,202007.0,20150619.0,1,1,0,1,1,0,0,0,0,0,0,0,0,0,0,0,0,0,0,6.자녀출가기,37,201807,0,1985918,0,9000485,18071450,14.220066403835752,10.897147140692764,10.25,13.0985999806553,,0.0,10.0,0,0,12,0,0,12,0,0,12,555,185,Y,0,Z,1,2075456,1984064,0,0,0,0,3,3,0,0,0,0,99999999
201807,SYN_268,1,40대,07,_,1,1,0,1,2,2,20180501,3,0,1,0,1,1,1,1,,1,60,0,0,경기,경기,0,3,3,0,0,0,3,3,0,0,0,2,2,0,0,0,2591450,2591450,0,0,0,1656631,45,신용,797755,29,신용,202204.0,202204.0,20170921.0,1,1,1,1,1,1,0,0,0,0,0,0,0,0,0,0,0,0,0,4.자녀성장기(1),10,201807,0,10002180,3552078,0,0,16.918046581851414,15.621289486813897,13.185826901133286,16.230057157795972,,0.0,20.0,0,0,12,0,0,12,1,174,10,0,0,N,0,N,0,10000065,9999968,0,0,0,0,3,3,0,0,0,0,99999999
201807,SYN_269,1,20대,_,4,1,1,1,1,1,1,20170501,15,0,0,0,0,0,0,0,KTF,0,0,0,0,전북,전북,1,2,2,0,0,0,2,2,0,0,0,2,2,0,0,0,419469,419469,0,0,0,-28769,1,신용,522189,28,신용,202012.0,202012.0,20160207.0,1,1,1,1,1,1,0,0,0,0,0,0,0,0,0,0,0,0,0,2.가족형성기,29,201807,0,18709175,5059016,9000188,18038459,14.220127726437388,10.89774383815172,11.499657836915173,13.150943915642738,20160420.0,100.0,10.0,0,0,12,0,0,12,0,0,12,0,0,Y,0,Z,1,18342984,18532167,0,0,0,0,3,3,0,0,0,0,844
201807,SYN_275,1,40대,07,_,1,1,0,1,2,2,20130701,61,0,1,0,1,1,1,1,SKT,2,102,0,0,경기,서울,1,3,3,0,0,0,3,3,0,0,0,3,3,0,0,0,6703554,6703554,0,0,0,3521531,209,신용,2577310,146,신용,202301.0,202212.0,20180210.0,0,0,0,0,0,0,0,0,0,0,0,0,0,0,0,0,0,0,0,4.자녀성장기(1),5,201807,0,3000204,926388,0,0,14.644475873732114,14.827581957858728,10.25,13.278296089518593,,0.0,10.0,0,0,12,0,0,12,0,0,12,641,203,N,1800,Z,1,2999812,3000039,0,0,0,0,3,3,0,0,0,0,99999999
201807,SYN_278,1,60대,_,_,1,1,1,1,3,2,20120401,76,0,0,0,1,0,0,1,,0,0,0,0,경기,경기,1,3,3,0,0,0,3,3,0,0,0,2,2,0,0,0,266340,266340,0,0,0,-21199,27,신용,0,0,신용,202104.0,,20151206.0,1,1,0,1,1,0,0,0,0,0,0,0,0,0,0,0,0,0,0,7.노령,31,201807,0,4082815,1192407,0,5045064,16.912725116993386,15.641277843829192,12.919695697079032,16.23036951648051,,0.0,20.0,0,0,12,0,0,12,0,0,12,637,196,Y,0,Z,1,3599403,3745009,0,0,0,0,3,3,0,0,0,0,99999999
201807,SYN_281,2,30대,06,_,1,1,0,1,1,1,20121201,68,0,0,0,1,1,1,1,,1,100,0,0,인천,인천,0,2,2,0,0,0,2,2,0,0,0,0,0,0,0,0,0,0,0,0,0,0,1,신용,0,0,신용,202009.0,,20160401.0,0,0,0,0,0,0,0,0,0,0,0,0,0,0,0,0,0,0,0,4.자녀성장기(1),27,201807,0,4978748,1760989,0,0,16.9195402902475,15.625888638798047,13.053867473348191,16.241113558187244,,0.0,15.0,0,0,12,0,0,12,0,0,12,0,0,Y,0,N,0,4999900,4999106,0,0,0,0,3,3,0,0,0,0,99999999
201807,SYN_282,1,60대,_,1,1,1,1,1,2,2,20170401,16,0,0,0,1,1,1,1,,2,44,0,0,인천,,1,2,2,0,0,0,2,2,0,0,0,1,1,0,0,0,16827,16827,0,0,0,23076,8,신용,0,0,신용,202008.0,,20150714.0,0,0,0,0,0,0,0,0,0,0,0,0,0,0,0,0,0,0,0,6.자녀출가기,36,201807,0,9997064,3623950,4800500,15572011,14.665952751674798,11.895962787170909,10.485877537698084,13.321491853632466,,0.0,10.0,0,0,12,0,0,12,0,0,12,0,0,Y,0,Z,1,10000628,9999726,0,0,0,0,3,3,0,0,0,0,99999999
201807,SYN_289,2,40대,_,_,1,1,1,1,3,2,20050601,158,0,0,0,1,1,1,1,,1,44,0,0,서울,서울,0,4,3,0,1,0,4,3,0,1,0,3,3,0,0,0,948636,948636,0,0,0,389951,14,신용,550434,25,신용,202209.0,202206.0,20170919.0,1,1,1,1,1,1,0,0,0,0,0,0,0,0,0,0,0,0,0,4.자녀성장기(1),10,201807,999732,4444776,1047131,20000000,22922279,14.220521667314694,10.897670558420185,10.25,13.117559809944488,20120204.0,100.0,10.0,0,0,12,0,0,12,0,0,12,648,212,Y,0,Z,1,3692044,1932298,0,0,0,0,3,3,0,0,0,0,2374
201807,SYN_294,1,40대,_,_,1,1,0,1,1,1,20130501,63,0,1,0,1,0,0,1,,2,101,0,0,경기,경기,1,2,2,0,0,0,2,2,0,0,0,2,2,0,0,0,763197,763197,0,0,0,180107,-2,신용,776867,36,신용,202101.0,202105.0,20151128.0,0,0,0,0,0,0,0,0,0,0,0,0,0,0,0,0,0,0,0,4.자녀성장기(1),32,201807,0,3000306,1019522,0,0,16.901834316932447,15.63062491880975,12.475219968117136,16.206534261359973,,0.0,20.0,0,0,12,0,0,12,0,0,12,628,200,N,1800,Z,1,3000275,3000413,0,0,0,0,3,3,0,0,0,0,99999999
201807,SYN_298,2,40대,_,_,1,1,0,1,1,0,20090201,114,0,1,0,0,0,0,0,,1,46,0,0,경기,서울,1,4,2,0,2,0,3,1,0,2,0,0,0,0,0,0,0,0,0,0,0,0,-1,신용,0,0,신용,,,20160324.0,1,1,0,1,0,0,0,0,0,0,0,0,0,0,0,0,0,0,0,5.자녀성장기(2),28,201807,999757,1977943,821517,0,0,14.64988808227134,14.843955458615042,10.25,13.262317470671404,,0.0,10.0,0,0,12,0,0,12,0,0,12,549,178,N,1800,Z,1,2089385,1968278,0,0,0,0,3,3,0,0,0,0,99999999
201807,SYN_299,1,30대,_,_,1,1,0,1,2,2,20141001,46,0,1,0,0,0,0,0,SKT,1,60,0,0,서울,서울,1,2,2,0,0,0,2,2,0,0,0,1,1,0,0,0,759720,759720,0,0,0,862412,1,신용,0,0,신용,202003.0,202005.0,20150917.0,1,1,1,1,1,1,0,0,0,0,0,0,0,0,0,0,0,0,0,3.자녀출산기,34,201807,0,3000267,1107946,0,0,14.22,14.874871842046767,10.25,13.112868240366218,,0.0,10.0,0,0,12,0,0,12,0,0,12,665,204,N,1800,Z,1,2999949,3000319,0,0,0,0,3,3,0,0,0,0,99999999
201807,SYN_302,2,50대,07,_,1,1,0,1,1,1,20070601,134,0,0,0,0,0,0,0,SKT,1,46,0,0,서울,서울,1,2,2,0,0,0,1,1,0,0,0,1,1,0,0,0,229794,229794,0,0,0,511355,47,신용,0,0,신용,201911.0,202001.0,20150617.0,1,0,0,0,0,0,0,0,0,0,0,0,0,0,0,0,0,0,0,5.자녀성장기(2),37,201807,999928,4781595,1632803,0,0,19.94527484969929,17.8195212185227,13.315539690697754,16.23886319640727,,0.0,15.0,0,0,12,1,196,8,0,0,12,0,0,Y,0,N,0,6294617,6083639,0,0,0,0,3,3,0,0,0,0,99999999
201807,SYN_303,1,50대,07,_,1,1,1,1,2,2,20040901,167,0,0,0,1,1,1,1,,1,106,0,0,전북,전북,1,4,2,0,2,0,4,2,0,2,0,3,2,0,1,0,5160380,4590810,0,569570,0,3484250,72,신용,675311,22,신용,202012.0,202101.0,20160113.0,1,1,1,1,1,1,0,0,0,0,0,0,0,0,0,0,0,0,0,5.자녀성장기(2),30,201807,999857,5405595,2255200,9000292,20636836,14.22047389332942,10.898016389131016,10.25,13.103636639414455,,0.0,10.0,0,0,12,0,0,12,0,0,12,0,0,Y,0,Z,1,6593021,6336609,0,0,0,0,3,3,0,0,0,0,99999999
201807,SYN_308,1,30대,_,_,1,1,1,1,2,2,20130401,64,0,0,0,0,0,0,0,SKT,1,45,0,0,경기,경기,1,3,2,0,1,0,3,2,0,1,0,3,2,0,1,0,1932477,702302,0,1230175,0,282953,7,신용,513618,33,신용,202104.0,202106.0,20160729.0,1,1,1,1,1,1,0,0,0,0,0,0,0,0,0,0,0,0,0,3.자녀출산기,24,201807,0,8715768,2764693,8999976,18084840,14.844842749860168,14.827258680558671,10.704825046022238,13.63082288699498,,0.0,10.0,0,0,12,0,0,12,0,0,12,955,290,Y,0,Z,1,6994050,6810462,0,0,0,0,3,3,0,0,0,0,99999999
201807,SYN_309,1,60대,07,_,1,1,1,1,1,1,19970201,258,0,0,0,0,0,0,0,SKT,0,0,0,0,서울,서울,1,3,2,0,1,0,3,2,0,1,0,2,2,0,0,0,7083046,7083046,0,0,0,4215405,138,신용,2308769,93,신용,202105.0,202105.0,20160506.0,1,1,1,1,1,1,0,0,0,0,0,0,0,0,0,0,0,0,0,6.자녀출가기,26,201807,4008872,19397279,5591553,9000520,20673091,14.220167400306009,10.897803811836,10.25,13.092501193401054,,0.0,10.0,0,0,12,0,0,12,0,0,12,0,0,Y,0,Z,1,19294972,19695710,0,0,0,0,3,3,0,0,0,0,99999999
201807,SYN_312,1,50대,06,_,1,1,0,1,2,2,20110701,85,0,1,0,1,1,1,1,SKT,0,0,0,0,경기,경기,0,3,2,0,1,0,3,2,0,1,0,2,2,0,0,0,3588104,3588104,0,0,0,2803257,19,신용,437661,12,신용,202310.0,202308.0,20180730.0,1,1,1,1,1,1,0,0,0,0,0,0,0,0,0,0,0,0,1,5.자녀성장기(2),0,201807,0,19035501,5335660,0,0,14.844417800383114,14.827415219143496,10.496455508626584,13.64192384633739,,0.0,10.0,0,0,12,0,0,12,0,0,12,0,0,N,1800,Z,1,18657415,18636489,0,0,0,0,3,3,0,0,0,0,99999999
201807,SYN_313,2,30대,07,1,1,1,0,1,2,2,20170301,17,0,1,0,1,1,1,1,SKT,1,102,1,1,광주,광주,1,3,2,0,1,0,3,2,0,1,0,3,2,0,1,0,3326289,2619263,0,707026,0,2024509,25,신용,489141,16,신용,202111.0,202109.0,20161223.0,1,1,1,0,0,0,0,0,0,0,0,0,0,0,0,0,0,0,0,4.자녀성장기(1),19,201807,0,4969098,1657464,0,0,14.220122284257943,10.898313904798837,10.25,13.102169494993651,,0.0,10.0,0,0,12,0,0,12,1,173,3,754,234,N,1800,Z,1,5000003,5000177,0,0,0,0,3,3,0,0,0,0,99999999
201807,SYN_314,1,70대이상,_,_,1,1,1,1,2,2,20100101,103,0,0,0,0,0,0,1,,1,45,0,0,서울,서울,1,2,2,1,0,0,2,2,1,0,0,2,2,1,0,0,1014149,1014149,747054,0,0,586842,116,신용,450890,49,신용,202107.0,202107.0,20160301.0,1,1,1,1,1,1,0,0,0,0,0,0,0,0,0,0,0,0,0,7.노령,28,201807,0,2053011,443584,4527515,5287615,14.657870004032963,11.8960179031068,10.397688077986327,13.343089080178084,,0.0,10.0,0,0,12,0,0,12,0,0,12,419,148,Y,0,Z,1,2105311,2052977,0,0,0,0,3,3,0,0,0,0,99999999
